est_type,Yes,No
Manufacturer,0.96875,0.03125
Supplier,0.9722222222222222,0.027777777777777776
Retailer,0.9902439024390244,0.00975609756097561
E-commerce,0.5,0.5
